grade,default_rate,fully_paid_rate
B,0.14058134696546395,0.859418653034536
A,0.060630805348576094,0.9393691946514239
D,0.3157518752232409,0.6842481247767591
E,0.3905732484076433,0.6094267515923567
C,0.22308969078502489,0.7769103092149751
G,0.5298701298701298,0.4701298701298701
F,0.4710860366713681,0.5289139633286318
