grade,avg_interest_rate,avg_dti
A,7.056365511,16.64981648
B,10.63762099,18.2780306
C,14.12621951,19.82991771
D,18.14949922,21.19278839
E,21.90932986,21.83636562
F,25.48729029,22.18641832
G,28.728,24.47944762
