grade,avg_int_rate
G,28.728
A,7.056365511
D,18.14949922
B,10.63762099
E,21.90932986
F,25.48729029
C,14.12621951
